Workbook

Sheet BASE
B2: BASE DE CALCUL | C2: 158200000
B4: Nombre de page | C4: 4
B5: Nombre de page de l'expédition | C5: =C4+1 -> 5
B6: Nombre d'expédition | C6: 2
B8: NATURE | C8: MONTANT | E8: INTITULEE | F8: NOMINATIF
B9: Minute………(500x4)………………… | C9: =500*C4 -> 2000 | E9: DESIGNATION : | F9: SCI LES HIBISCUS
B10: Expédition……(500x5)2………………… | C10: =(500*C5)*C6 -> 5000 | E10: NATURE DE L'ACTE : | F10: Mainlevée d'hypothèque SIB
B11: Bordereau d'enregistrement………………… | C11: 500 | E11: DATE : | F11: 44833
B12: Grosse
B13: Droits fixes Enregistrement | C13: 18000
B14: Droits fixe…………………………………… | C14: 3000
B15: Droits proportionnels 1,2%............................. | C15: =C2*1.2% -> 1898400
B16: Réquisition d'Etat…………………………….. | C16: 10000
B17: Minute………(500x4)……………………… | C17: =500*4 -> 2000
B18: Expédition……(500x5)3…………………………….. | C18: =(500*5)*3 -> 7500
B19: Copie…………(500x5)4……………………. | C19: =(500*5)*4 -> 10000
B20: Emolument propotionnel……………………. | C20: =IF(C2<=10000000,C2*1%,IF(C2<=30000000,C2*0.75%+25000,IF(C2<=90000000,C2*0.5%+100000,IF(C2>90000000,C2*0.25%+325000)))) -> 720500
B21: Vacations……………………………………….
B22: Dépôt à la banque……………………………….
B23: Dépôt à l'enregistrement…………………….
B24: Inscription au livre foncier (Voir J.O.)………
B25: Réquisition d'Etat……………………………..
B26: Frs de corresp, d'affranch, d'impress et de pap

Sheet FICHE DE TAXE
B1: Maître Ginette OKOUE - KODJO
D2: Notaire
A6: DESIGNATION : | C6: =BASE!F9 -> SCI LES HIBISCUS
A7: NATURE DE L'ACTE : Mainlevée d'hypothèque SIB…………………...…………………………………………………………..
A8: DATE : 29 SEPTEMBRE 2022……………………………………………………………………………………………………
A9: BASE DE CALCUL DE L'ACTE : | D9: 30000000
A11: NATURE | D11: MONTANT | E11: NATURE | H11: MONTANT
A12: TIMBRES FISCAUX | E12: ROLES
A13: Minute………(500x4)………………… | D13: =BASE!C9 -> 2000 | E13: Minute………(500x4)……………………… | H13: 2000
A14: Expédition……(500x5)2………………… | D14: =+(500*5)*2 -> 5000 | E14: Expédition……(500x5)3…………………………….. | H14: 7500
A15: Bordereau d'enregistrement………………… | D15: 500 | E15: Copie…………(500x5)4……………………. | H15: 10000
A17: ENREGISTREMENT | E17: HONORAIRES
A18: Droits fixes……………………………………. | D18: 18000 | E18: Emolument propotionnel……………………. | H18: =158200000*0.25%+325000 -> 720500
E19: Vacations………………………………………. | H19: 150000
A21: TAXE FONCIERE | E21: HONORAIRES FORMALITES
A22: Droits fiches…………………………………… | D22: 3000 | E22: Dépôt à la banque………………………………. | H22: 15000
A23: Droits proportionnels 1,2%............................. | D23: =158200000*1.2% -> 1898400 | E23: Dépôt à l'enregistrement……………………. | H23: 15000
E24: Inscription au livre foncier (Voir J.O.)……… | H24: 75000
A25: FORMALITES | E25: Réquisition d'Etat…………………………….. | H25: 5000
A26: Réquisition d'Etat…………………………….. | D26: 6000
E27: DIVERS
E28: Frs de corresp, d'affranch, d'impress et de pap | H28: 20000
A29: TOTAL | D29: =SUM(D13:D28) -> 1932900 | E29: TOTAL | H29: =SUM(H13:H28) -> 1020000
A30: TOTAL GENERAL | E30: =+D29+H29 -> 2952900

Sheet NOTE DE FRAIS
A1: Etude de Me Ginette OKOUE-KODJO | D1: ABIDJAN, le 30 Septembre 2022
A2: NOTAIRE
A3: II Plateaux, rue des jardins, Résidence SOPIM villa N° 70
A4: 01 B.P. 314 Abidjan 01 – COTE D’IVOIRE
A5: Tel : (225)27-22-41-60-47/85 / Fax : (225) 27-22-41-60-49
A6: Cel : 01-03-50-09-83
A7: E-mail : okoueginette@notaire.ci
A8: N° CC : 8605593 C
A9: NOTE DE FRAIS PREVISIONNELLE N° 16/09/22
A12: Identité du client : SCI LES HIBISCUS
A13: Affaire : Mainlevée d’hypothèque SIB
A15: Numéro de dossier : 1506
A17: Base de calcul : 158 200 000 FRANCS/CFA
A19: Droits | B19: Montant | C19: Débours | D19: Montant | E19: Honoraires | F19: Montant
A21: Enregistrement | B21: =+'FICHE DE TAXE'!D18 -> 18000 | C21: - | D21: - | E21: Rôles | F21: 19500
A24: Timbres | B24: ='FICHE DE TAXE'!D13+'FICHE DE TAXE'!D14+'FICHE DE TAXE'!D15 -> 7500 | C24: - | D24: - | E24: Honoraires | F24: 870500
A27: Taxe foncière | B27: =+'FICHE DE TAXE'!D22+'FICHE DE TAXE'!D23 -> 1901400 | C27: - | D27: - | E27: - | F27: -
A30: Réquisition | B30: =+'FICHE DE TAXE'!D26 -> 6000 | C30: - | D30: - | E30: Emol. Formalités | F30: 110000
A33: - | B33: - | C33: - | D33: - | E33: Divers | F33: 20000
A36: Total des Droits | B36: =SUM(B21:B34) -> 1932900 | C36: Total des Débours | D36: - | E36: Total des Honoraires | F36: 1 020 000
A38: TOTAL GENERAL : 2 952 900
A40: Arrêté la présente note de frais à la somme de DEUX MILLIONS NEUF CENT CINQUANTE DEUX MILLE NEUF CENTS FRANCS/CFA.
A43: Me Ginette OKOUE KODJO

Sheet FACTURE NORMALISE
D3: =BASE!F11 -> 44833
B6: Identité du client : | C6: =BASE!F9 -> SCI LES HIBISCUS
B8: Nature de l’acte : | C8: =BASE!F10 -> Mainlevée d'hypothèque SIB
B10: Numéro dossier : | C10: 1506
B13: POSTES | C13: DROITS/ETAT | D13: FRAIS | E13: HONORAIRES
B15: Enregistrement | C15: 18000 | D15: - | E15: -
B17: Timbres | C17: 30500 | D17: - | E17: -
B19: Taxe foncière | C19: 1 904 825 | D19: - | E19: -
B21: Réquisition | C21: 10 000 | D21: - | E21: -
B23: Honoraires | C23: - | D23: - | E23: ='FICHE DE TAXE'!E30:F30 -> 2952900
B25: TVA 18% /Honoraires | C25: 415143 | D25: - | E25: -
B27: TOTAUX | C27: 2 378 468 | D27: - | E27: 2 306 350
B29: TOTAL GENERAL : 4 684 818
B32: Arrêté la présente facture à la somme de
B33: QUATRE MILLIONS SIX CENT QUATRE VINGT QUATRE MILLE HUIT CENT DIX HUIT FRANCS/CFA.
D39: Me Ginette OKOUE KODJO
